{"train": {"num_samples": 7229, "scan": {"pixel_mean": 0.5043012020616566, "pixel_std": 0.28800468898118353}, "segmentation_pos_weights": {"pneumothorax": 327.50465563430885}}, "validation": {"num_samples": 2409, "scan": {"pixel_mean": 0.5042212459526761, "pixel_std": 0.28803788144362635}, "segmentation_pos_weights": {"pneumothorax": 332.73377341105777}}, "test": {"num_samples": 2409, "scan": {"pixel_mean": 0.5045960545751641, "pixel_std": 0.2878340935994556}, "segmentation_pos_weights": {"pneumothorax": 331.07501419129846}}}