{"train": {"num_samples": 588, "scan": {"pixel_mean": 0.5041442216346609, "pixel_std": 0.28796604375956497}, "patient_ids": [1555, 30394, 6304, 17257, 21703, 5567, 29843, 15141, 2395, 12834, 11366, 18427, 398, 5869, 1437, 21796, 15425, 21840, 13471, 18187, 12261, 21364, 21845, 14083, 2578, 13187, 19765, 3803, 2290, 27113, 18366, 19313, 21670, 23093, 22416, 2435, 1688, 30323, 26920, 27556, 9437, 12592, 468, 22961, 30413, 27094, 8814, 13751, 18102, 12505, 16414, 17511, 9342, 18984, 12364, 29617, 13111, 29391, 12670, 14022, 16732, 26586, 22178, 11814, 28173, 13337, 4344, 2059, 29906, 29404, 17199, 10625, 344, 193, 20332, 1039, 10770, 12622, 11023, 13625, 3894, 11269, 19924, 16568, 15563, 14223, 25747, 12021, 20482, 11514, 27797, 28027, 18657, 18980, 2176, 17544, 14617, 10381, 10230, 18496, 18921, 28285, 9619, 21818, 9368, 17611, 14447, 21748, 26132, 14738, 1933, 28861, 26538, 25732, 2583, 1900, 26555, 12515, 6836, 13674, 21201, 10447, 25662, 30111, 16429, 9166, 18762, 20673, 19177, 2350, 27652, 23168, 17448, 3028, 22098, 10125, 27474, 14004, 28208, 23156, 808, 10767, 22611, 12636, 2711, 4911, 15069, 1787, 1836, 19124, 11136, 18387, 11857, 28774, 20429, 14716, 12374, 25368, 12123, 28640, 27875, 12892, 20751, 1248, 6851, 16417, 14870, 7034, 20000, 15895, 19766, 29088, 10007, 4630, 16487, 17972, 21772, 12270, 17747, 18319, 18063, 14346, 9256, 26194, 10071, 23138, 12576, 12376, 28012, 7120, 17877, 29469, 4342, 13125, 21443, 25221, 72, 14203, 17952, 25270, 8716, 9608, 15400, 7735, 10575, 28625, 18032, 16964, 30635, 2224, 5353, 6751, 15799, 14731, 21303, 12291, 29502, 20564, 6821, 11237, 21782, 17214, 19013, 20408, 29431, 13951, 14177, 14976, 13272, 14706, 19706, 23026, 18686, 4534, 32, 9229, 21458, 17403, 26769, 28620, 8727, 14197, 14280, 23178, 13721, 23089, 30634, 1946, 30674, 5140, 12793, 4461, 21132, 15262, 2763, 26319, 12637, 29596, 25252, 17083, 19651, 26753, 11831, 21420, 6096, 29579, 10120, 28018, 3333, 17098, 18721, 8554, 10805, 7471, 11291, 26261, 27758, 17243, 29631, 17236, 26398, 26889, 1534, 22084, 1153, 9863, 28698, 10959, 13659, 19363, 11576, 30279, 16094, 22141, 12975, 28265, 19646, 744, 13673, 150, 30606, 13685, 12141, 17893, 14198, 10481, 3528, 7676, 10815, 10092, 9683, 26196, 29105, 18055, 8841, 22899, 19625, 1673, 16009, 20274, 15058, 20857, 21179, 29588, 19750, 3973, 20213, 29075, 19767, 21381, 29909, 16191, 19373, 457, 14149, 7557, 8008, 13062, 9889, 18393, 15792, 26911, 16490, 23325, 19769, 865, 17500, 25969, 15064, 16606, 13615, 14687, 22572, 27833, 21489, 26695, 830, 30106, 22237, 12174, 211, 15090, 21495, 15649, 11124, 23068, 25686, 3149, 14778, 16522, 12741, 13051, 4296, 25664, 13635, 1373, 27577, 19018, 13977, 25769, 12415, 13209, 3394, 17137, 30206, 20065, 21862, 18360, 16705, 13885, 583, 27213, 27937, 15078, 11925, 14294, 17524, 12973, 6912, 25529, 29940, 2856, 26087, 19499, 27470, 17710, 1320, 7124, 25521, 29817, 13922, 30260, 8365, 2980, 13310, 4533, 30039, 22470, 7710, 27464, 6736, 19089, 10478, 28454, 147, 13992, 5827, 26285, 29200, 16987, 22290, 181, 21024, 8547, 17124, 27817, 17670, 16094, 2547, 8841, 19658, 808, 4858, 6271, 30409, 1248, 18721, 7018, 26285, 11514, 6948, 5986, 18865, 12298, 16971, 30562, 17714, 11973, 19766, 28774, 7034, 10871, 28202, 19919, 18387, 3029, 17151, 28590, 18101, 8911, 15605, 10481, 2868, 29653, 1437, 19769, 1836, 13531, 14197, 13111, 13750, 5712, 32, 29206, 20405, 4808, 12310, 21321, 13885, 23156]}, "validation": {"num_samples": 196, "scan": {"pixel_mean": 0.5037003172712256, "pixel_std": 0.2887068200010402}, "patient_ids": [11157, 9705, 7551, 25707, 10103, 27028, 4968, 30412, 18233, 19892, 20277, 30636, 902, 12175, 8522, 13991, 9779, 7037, 13911, 21972, 28876, 19917, 23283, 26221, 4381, 14014, 16990, 22215, 27357, 4547, 6948, 27866, 3440, 11355, 20438, 28974, 30128, 3787, 18419, 3072, 10277, 18623, 29039, 15770, 20349, 27103, 4578, 11827, 8291, 29861, 8399, 19154, 732, 27685, 11557, 13750, 12829, 19399, 15794, 15304, 16972, 4893, 27697, 14015, 2533, 21711, 845, 13285, 15440, 25962, 9218, 20774, 18412, 14626, 23176, 22369, 11151, 11463, 149, 14551, 14398, 22883, 26865, 9431, 14253, 1170, 19187, 29464, 7444, 20318, 3789, 14095, 28452, 15583, 30434, 26810, 16291, 377, 28509, 19863, 8386, 23075, 20845, 23078, 17582, 4808, 506, 16184, 10936, 12045, 14116, 27927, 28383, 661, 14795, 21926, 20671, 12686, 13461, 9669, 11450, 20113, 12048, 13118, 19495, 26983, 28628, 13993, 27631, 14663, 7882, 18814, 3948, 30573, 21481, 17981, 11502, 11402, 23058, 13031, 3400, 21860, 27278, 29647, 10092, 30262, 9608, 13685, 11237, 8522, 30492, 20065, 30182, 22192, 14004, 27479, 4533, 29545, 5962, 29105, 11583, 11136]}, "test": {"num_samples": 196, "scan": {"pixel_mean": 0.504363090053826, "pixel_std": 0.2878445920650827}, "patient_ids": [21009, 14607, 18101, 21710, 22192, 26392, 22706, 12288, 17714, 3064, 16587, 11322, 20184, 3945, 22977, 12299, 15831, 15719, 25787, 29807, 17255, 2704, 15530, 1558, 7043, 16064, 27441, 25954, 19157, 12094, 29808, 29532, 6621, 21377, 20819, 13670, 15018, 27479, 19426, 11832, 5066, 14822, 13391, 7629, 20405, 20986, 13807, 16624, 26886, 28607, 23162, 20810, 7728, 13508, 15300, 19271, 10652, 17514, 30408, 14839, 26451, 17188, 15732, 23116, 26098, 21374, 16403, 740, 13106, 7830, 1075, 30162, 20393, 15605, 29894, 21409, 5532, 25228, 21896, 17151, 28330, 3391, 8005, 20259, 19634, 17178, 2106, 11583, 16564, 9507, 643, 29259, 18253, 1369, 20124, 14574, 21967, 26848, 21007, 21700, 18693, 14125, 14251, 9745, 22155, 26136, 14956, 19058, 16267, 17346, 22837, 13249, 27093, 756, 19150, 11263, 4822, 3148, 10828, 27837, 19861, 21181, 22726, 9403, 17028, 28924, 26338, 10172, 28518, 16837, 28873, 8339, 18865, 5089, 20146, 10610, 17138, 22727, 16786, 22707, 9107, 21321, 16937, 13346, 22021, 13625, 14125, 21818, 11579, 28280, 20673, 30773, 3028, 5801, 10198, 3064, 25787, 29715, 29631, 1170, 149, 28993, 15442, 14223, 10563]}}