{"train": {"num_samples": 6400, "scan": {"pixel_mean": 0.505339195588568, "pixel_std": 0.2899103954490179}, "patient_ids": null}, "validation": {"num_samples": 1600, "scan": {"pixel_mean": 0.5051676659318466, "pixel_std": 0.28975788147648557}, "patient_ids": null}, "test": {"num_samples": 1000, "scan": {"pixel_mean": 0.5051608751029176, "pixel_std": 0.2899181829964151}, "patient_ids": null}}