name,covid_unet_finetune_test/opacity_dice_run_results,covid_unet_finetune_test/opacity_dice_mean,covid_unet_finetune_test/opacity_dice_std,covid_unet_finetune_test/opacity_dice_num_runs,covid_unet_finetune_test/opacity_dice_95_interval
LoVT_100,0.5115025639533997;0.4852478504180908;0.48323023319244385;0.5308707356452942;0.5504631996154785,0.5122629165649414,0.0290637282316316,5.0,0.0254754810261592
LoVT_30,0.5074538588523865;0.4869449734687805;0.5133095979690552;0.48319706320762634;0.48377642035484314,0.4949363827705383,0.0143220219569267,5.0,0.0125538057510056
