name,rsna_finetune_full_test/mAP_run_results,rsna_finetune_full_test/mAP_mean,rsna_finetune_full_test/mAP_std,rsna_finetune_full_test/mAP_num_runs,rsna_finetune_full_test/mAP_95_interval,rsna_finetune_full_test/mAP@0.5_run_results,rsna_finetune_full_test/mAP@0.5_mean,rsna_finetune_full_test/mAP@0.5_std,rsna_finetune_full_test/mAP@0.5_num_runs,rsna_finetune_full_test/mAP@0.5_95_interval,rsna_finetune_full_test/mAP@0.75_run_results,rsna_finetune_full_test/mAP@0.75_mean,rsna_finetune_full_test/mAP@0.75_std,rsna_finetune_full_test/mAP@0.75_num_runs,rsna_finetune_full_test/mAP@0.75_95_interval
LoVT_100,0.1993439495563507;0.14192064106464386;0.21182042360305783;0.14192064106464386;0.21182042360305783,0.1813652157783508,0.0363662727820806,5.0,0.0318764435473808,0.2812964916229248;0.2084351032972336;0.3010258674621582;0.2084351032972336;0.3010258674621582,0.2600436866283416,0.0477955326333353,5.0,0.0418946315156673,0.02746404893696308;0.011933096684515476;0.034310728311538696;0.011933096684515476;0.034310728311538696,0.0239903397858142,0.0113560745453503,5.0,0.0099540382192557
LoVT_30,0.19872282445430756;0.16564463078975675;0.16564463078975675;0.16564463078975675;0.16564463078975675,0.1722602695226669,0.0147930179213676,5.0,0.0129666519165039,0.28405866026878357;0.23654493689537048;0.23654493689537048;0.23654493689537048;0.23654493689537048,0.2460476815700531,0.0212487830654144,5.0,0.0186253795623779,0.01933719217777252;0.015415357425808908;0.015415357425808908;0.015415357425808908;0.015415357425808908,0.0161997243762016,0.0017538978203823,5.0,0.0015373592227697
