name,rsna_seg_lin_1_test/opacity_dice_run_results,rsna_seg_lin_1_test/opacity_dice_mean,rsna_seg_lin_1_test/opacity_dice_std,rsna_seg_lin_1_test/opacity_dice_num_runs,rsna_seg_lin_1_test/opacity_dice_95_interval
LoVT_100,0.4637266993522644;0.4632646441459656;0.4631454646587372;0.4631621539592743;0.4631358385086059,0.4632869601249695,0.000251149298144,5.0,0.0002201420660353
LoVT_30,0.4602607190608978;0.4593919515609741;0.4594123959541321;0.4593825340270996;0.4594292938709259,0.4595753788948059,0.0003835460031759,5.0,0.000336192894755
