name,rsna_finetune_1_test/mAP_run_results,rsna_finetune_1_test/mAP_mean,rsna_finetune_1_test/mAP_std,rsna_finetune_1_test/mAP_num_runs,rsna_finetune_1_test/mAP_95_interval,rsna_finetune_1_test/mAP@0.5_run_results,rsna_finetune_1_test/mAP@0.5_mean,rsna_finetune_1_test/mAP@0.5_std,rsna_finetune_1_test/mAP@0.5_num_runs,rsna_finetune_1_test/mAP@0.5_95_interval,rsna_finetune_1_test/mAP@0.75_run_results,rsna_finetune_1_test/mAP@0.75_mean,rsna_finetune_1_test/mAP@0.75_std,rsna_finetune_1_test/mAP@0.75_num_runs,rsna_finetune_1_test/mAP@0.75_95_interval
LoVT_100,0.07348094135522842;0.09525048732757568;0.07585161179304123;0.09242334961891174;0.0856296494603157,0.0845272079110145,0.0096932853758431,5.0,0.0084965392500704,0.1024528369307518;0.1417117565870285;0.10650170594453812;0.1384551227092743;0.12408187240362167,0.1226406589150428,0.0179157408951369,5.0,0.0157038392874492,0.0019772499799728394;0.012603874318301678;0.002409450942650438;0.003249094355851412;0.001966913463547826,0.0044413166120648,0.004592698434014,5.0,0.004025677672256
LoVT_30,0.06012103706598282;0.08720920979976654;0.06997986137866974;0.08307070285081863;0.08260791003704071,0.0765977442264556,0.0112461408967254,5.0,0.0098576771276104,0.08057138323783875;0.124265156686306;0.1014936938881874;0.12123771011829376;0.12629257142543793,0.1107721030712127,0.0195617529894421,5.0,0.0171466325018333,0.0014153228839859366;0.0027265348471701145;0.003272818401455879;0.001898297923617065;0.0020969801116734743,0.0022819908335804,0.0007266225293285,5.0,0.0006369127288681
