name,object_seg_lin_full_test/avg_dice_run_results,object_seg_lin_full_test/avg_dice_mean,object_seg_lin_full_test/avg_dice_std,object_seg_lin_full_test/avg_dice_num_runs,object_seg_lin_full_test/avg_dice_95_interval
LoVT_100,0.3989646136760712;0.399026483297348;0.39888495206832886;0.3988021910190582;0.3988736867904663,0.3989103853702545,8.677426759019395e-05,5.0,7.606099912353677e-05
LoVT_30,0.3772648274898529;0.3769781291484833;0.3772738873958587;0.37429991364479065;0.3735426068305969,0.3758718729019165,0.0018045987327803,5.0,0.0015818005319338
