name,object_finetune_full_test/froc_run_results,object_finetune_full_test/froc_mean,object_finetune_full_test/froc_std,object_finetune_full_test/froc_num_runs,object_finetune_full_test/froc_95_interval,object_finetune_full_test/mAP_run_results,object_finetune_full_test/mAP_mean,object_finetune_full_test/mAP_std,object_finetune_full_test/mAP_num_runs,object_finetune_full_test/mAP_95_interval,object_finetune_full_test/mAP@0.5_run_results,object_finetune_full_test/mAP@0.5_mean,object_finetune_full_test/mAP@0.5_std,object_finetune_full_test/mAP@0.5_num_runs,object_finetune_full_test/mAP@0.5_95_interval
LoVT_100,0.6228008270263672;0.6150597929954529;0.6268824934959412;0.6150597929954529;0.6268824934959412,0.6213370800018311,0.0059677139952004,5.0,0.0052309319521096,0.15500454604625702;0.1975771188735962;0.16049739718437195;0.1975771188735962;0.16049739718437195,0.1742307156324386,0.02142990175401,5.0,0.0187841370926585,0.22746479511260984;0.2850914001464844;0.2461266815662384;0.2850914001464844;0.2461266815662384,0.2579801917076111,0.0258951543764732,5.0,0.022698103585669
LoVT_30,0.6301196217536926;0.5950738787651062;0.6019704341888428;0.6019704341888428;0.6216748952865601,0.6101618528366088,0.0149391124829285,5.0,0.0130947094458548,0.16017349064350128;0.18194133043289185;0.18171587586402893;0.18171587586402893;0.14236558973789215,0.1695824325084686,0.0178638459650218,5.0,0.0156583513756106,0.2307395190000534;0.25770071148872375;0.2577812373638153;0.2577812373638153;0.20061922073364255,0.24092438519001,0.0253869545025693,5.0,0.0222526467557002
