name,pneumo_unet_finetune_full_test/pneumothorax_dice_run_results,pneumo_unet_finetune_full_test/pneumothorax_dice_mean,pneumo_unet_finetune_full_test/pneumothorax_dice_std,pneumo_unet_finetune_full_test/pneumothorax_dice_num_runs,pneumo_unet_finetune_full_test/pneumothorax_dice_95_interval
LoVT_100,0.4379163980484009;0.4371230900287628;0.44350701570510864;0.4399798810482025;0.4451691508293152,0.440739107131958,0.0034966518105562,5.0,0.0030649504476841
LoVT_30,0.4342937469482422;0.4322644174098969;0.44247153401374817;0.43902352452278137;0.4209962487220764,0.433809894323349,0.0082008851325691,5.0,0.00718839275978
