name,rsna_seg_lin_full_test/opacity_dice_run_results,rsna_seg_lin_full_test/opacity_dice_mean,rsna_seg_lin_full_test/opacity_dice_std,rsna_seg_lin_full_test/opacity_dice_num_runs,rsna_seg_lin_full_test/opacity_dice_95_interval
LoVT_100,0.5182268023490906;0.5180647373199463;0.5180938839912415;0.5180387496948242;0.5180655121803284,0.5180979371070862,7.463147770303289e-05,5.0,6.541737450285462e-05
LoVT_30,0.5154538750648499;0.5154972672462463;0.5154891014099121;0.5154907703399658;0.515488862991333,0.5154839754104614,1.716856930981381e-05,5.0,1.5048914516838844e-05
