name,object_frozen_full_test/froc_run_results,object_frozen_full_test/froc_mean,object_frozen_full_test/froc_std,object_frozen_full_test/froc_num_runs,object_frozen_full_test/froc_95_interval,object_frozen_full_test/mAP_run_results,object_frozen_full_test/mAP_mean,object_frozen_full_test/mAP_std,object_frozen_full_test/mAP_num_runs,object_frozen_full_test/mAP_95_interval,object_frozen_full_test/mAP@0.5_run_results,object_frozen_full_test/mAP@0.5_mean,object_frozen_full_test/mAP@0.5_std,object_frozen_full_test/mAP@0.5_num_runs,object_frozen_full_test/mAP@0.5_95_interval
LoVT_100,0.5683321356773376;0.5835327506065369;0.5721322894096375;0.5721322894096375;0.5721322894096375,0.5736523509025574,0.0057632184840554,5.0,0.0050516837334162,0.10445944964885712;0.1000540778040886;0.09926311671733856;0.09926311671733856;0.09926311671733856,0.1004605755209922,0.0022615236812654,5.0,0.0019823129081417,0.15056367218494415;0.148638978600502;0.14450038969516754;0.14450038969516754;0.14450038969516754,0.1465407639741897,0.0028755728423095,5.0,0.0025205507290652
LoVT_30,0.5373680591583252;0.5674876570701599;0.5596058964729309;0.5674876570701599;0.5596058964729309,0.5583110332489014,0.0123529587023738,5.0,0.0108278457096481,0.09346145391464232;0.10885148495435716;0.09819545596837996;0.10885148495435716;0.09819545596837996,0.1015110671520233,0.0069739926752768,5.0,0.0061129741050298,0.12725898623466492;0.15171347558498385;0.142166405916214;0.15171347558498385;0.142166405916214,0.1430037498474121,0.0100127233531511,5.0,0.0087765389825579
