name,rsna_full_test/mAP_run_results,rsna_full_test/mAP_mean,rsna_full_test/mAP_std,rsna_full_test/mAP_num_runs,rsna_full_test/mAP_95_interval,rsna_full_test/mAP@0.5_run_results,rsna_full_test/mAP@0.5_mean,rsna_full_test/mAP@0.5_std,rsna_full_test/mAP@0.5_num_runs,rsna_full_test/mAP@0.5_95_interval,rsna_full_test/mAP@0.75_run_results,rsna_full_test/mAP@0.75_mean,rsna_full_test/mAP@0.75_std,rsna_full_test/mAP@0.75_num_runs,rsna_full_test/mAP@0.75_95_interval
LoVT_100,0.22437512874603271;0.2051118165254593;0.1977258622646332;0.1977258622646332;0.1977258622646332,0.2045329064130783,0.0115440079061092,5.0,0.0101187690730552,0.31034860014915466;0.2904259264469147;0.2790074944496155;0.2790074944496155;0.2790074944496155,0.2875594019889831,0.0136653748845134,5.0,0.0119782292144778,0.033469200134277344;0.029404759407043457;0.021288510411977768;0.021288510411977768;0.021288510411977768,0.0253478981554508,0.005741288087214,5.0,0.0050324608930367
LoVT_30,0.1772325485944748;0.18093115091323853;0.18093115091323853;0.18093115091323853;0.18093115091323853,0.1801914304494857,0.0016540652412988,5.0,0.0014498521089553,0.2531190812587738;0.2508377432823181;0.2508377432823181;0.2508377432823181;0.2508377432823181,0.2512940108776093,0.0010202453590013,5.0,0.0008942844867706,0.01939980313181877;0.026390498504042625;0.026390498504042625;0.026390498504042625;0.026390498504042625,0.0249923594295978,0.0031263340124571,5.0,0.0027403525859117
