name,rsna_finetune_test/mAP_run_results,rsna_finetune_test/mAP_mean,rsna_finetune_test/mAP_std,rsna_finetune_test/mAP_num_runs,rsna_finetune_test/mAP_95_interval,rsna_finetune_test/mAP@0.5_run_results,rsna_finetune_test/mAP@0.5_mean,rsna_finetune_test/mAP@0.5_std,rsna_finetune_test/mAP@0.5_num_runs,rsna_finetune_test/mAP@0.5_95_interval,rsna_finetune_test/mAP@0.75_run_results,rsna_finetune_test/mAP@0.75_mean,rsna_finetune_test/mAP@0.75_std,rsna_finetune_test/mAP@0.75_num_runs,rsna_finetune_test/mAP@0.75_95_interval
LoVT_100,0.12380903214216232;0.1269942671060562;0.13860294222831726;0.13762642443180084;0.1313585340976715,0.1316782400012016,0.0064671988764576,5.0,0.0056687497542136,0.17594413459300995;0.1814885437488556;0.19613900780677795;0.20655226707458496;0.1925512403249741,0.1905350387096405,0.0121115099915982,5.0,0.0106162065833416,0.011274042539298534;0.00867873802781105;0.02194744534790516;0.01005813479423523;0.016470346599817276,0.0136857414618134,0.0054784961917411,5.0,0.0048021136404891
LoVT_30,0.1195145547389984;0.11023660004138948;0.1220771297812462;0.11023660004138948;0.1220771297812462,0.1168284028768539,0.0061077289008181,5.0,0.0053536604280648,0.18163222074508667;0.15842796862125397;0.18012593686580658;0.15842796862125397;0.18012593686580658,0.1717480063438415,0.0121750148239523,5.0,0.0106718710231826,0.006453335285186768;0.009486761875450613;0.010739944875240326;0.009486761875450613;0.010739944875240326,0.0093813497573137,0.0017526446849827,5.0,0.0015362608011618
