name,rsna_seg_lin_test/opacity_dice_run_results,rsna_seg_lin_test/opacity_dice_mean,rsna_seg_lin_test/opacity_dice_std,rsna_seg_lin_test/opacity_dice_num_runs,rsna_seg_lin_test/opacity_dice_95_interval
LoVT_100,0.5007181763648987;0.5014671087265015;0.5014009475708008;0.5014087557792664;0.5013766884803772,0.5012743353843689,0.0003126699781538,5.0,0.0002740673196647
LoVT_30,0.49421873688697815;0.4942434430122375;0.4942416548728943;0.494200736284256;0.4942348599433899,0.4942278861999511,1.80350472054392e-05,5.0,1.580841587928162e-05
