name,covid_unet_frozen_test/opacity_dice_run_results,covid_unet_frozen_test/opacity_dice_mean,covid_unet_frozen_test/opacity_dice_std,covid_unet_frozen_test/opacity_dice_num_runs,covid_unet_frozen_test/opacity_dice_95_interval
LoVT_100,0.4799465835094452;0.41766583919525146;0.48299333453178406;0.4535195827484131;0.4777686297893524,0.4623787939548492,0.0276051059886558,5.0,0.0241969422585546
LoVT_30,0.49403777718544006;0.5450481176376343;0.4397992193698883;0.5432164072990417;0.43641534447669983,0.4917033731937408,0.053045996993414,5.0,0.046496866442917
