name,covid_lin_test/opacity_dice_run_results,covid_lin_test/opacity_dice_mean,covid_lin_test/opacity_dice_std,covid_lin_test/opacity_dice_num_runs,covid_lin_test/opacity_dice_95_interval
LoVT_100,0.4280567765235901;0.4429672658443451;0.4477905333042145;0.4484729468822479;0.43489035964012146,0.4404355764389038,0.0087904533738114,5.0,0.0077051721083788
LoVT_30,0.48687979578971863;0.4938634932041168;0.4934031665325165;0.49221986532211304;0.4926016628742218,0.4917935967445374,0.0028220250640942,5.0,0.0024736140319889
