name,rsna_1_test/mAP_run_results,rsna_1_test/mAP_mean,rsna_1_test/mAP_std,rsna_1_test/mAP_num_runs,rsna_1_test/mAP_95_interval,rsna_1_test/mAP@0.5_run_results,rsna_1_test/mAP@0.5_mean,rsna_1_test/mAP@0.5_std,rsna_1_test/mAP@0.5_num_runs,rsna_1_test/mAP@0.5_95_interval,rsna_1_test/mAP@0.75_run_results,rsna_1_test/mAP@0.75_mean,rsna_1_test/mAP@0.75_std,rsna_1_test/mAP@0.75_num_runs,rsna_1_test/mAP@0.75_95_interval
LoVT_100,0.07714593410491943;0.11359652131795885;0.0919799730181694;0.10089953243732452;0.09764502197504044,0.0962533965706825,0.0133009816037826,5.0,0.0116588244211446,0.11503361910581587;0.17151185870170593;0.13385123014450073;0.14710545539855957;0.13432647287845612,0.1403657272458076,0.0208334611193978,5.0,0.0182613338256723,0.0011228705989196897;0.0035747280344367027;0.0024382194969803095;0.00617566891014576;0.010862289927899836,0.0048347553936764,0.003848323128313,5.0,0.0033732039488027
LoVT_30,0.08981052786111832;0.06117516756057739;0.095982164144516;0.1051708459854126;0.07805899530649185,0.0860395401716232,0.0170367918300856,5.0,0.0149334064630291,0.13209150731563568;0.085035040974617;0.1436612755060196;0.16267287731170654;0.11312687397003174,0.1273175150156021,0.0297030850958638,5.0,0.0260359020269984,0.00545099750161171;0.0037953255232423544;0.003152664750814438;0.0024482300505042076;0.0025945084635168314,0.0034883452579379,0.0012185756003981,5.0,0.0010681286082594
