name,pneumo_unet_frozen_full_test/pneumothorax_dice_run_results,pneumo_unet_frozen_full_test/pneumothorax_dice_mean,pneumo_unet_frozen_full_test/pneumothorax_dice_std,pneumo_unet_frozen_full_test/pneumothorax_dice_num_runs,pneumo_unet_frozen_full_test/pneumothorax_dice_95_interval
LoVT_100,0.4437149167060852;0.43634358048439026;0.4484308660030365;0.43761515617370605;0.42661139369010925,0.4385431826114654,0.0082550012999365,5.0,0.0072358276719148
LoVT_30,0.4290328919887543;0.4204568862915039;0.43860092759132385;0.4289343059062958;0.437399685382843,0.4308849394321442,0.0073816957954032,5.0,0.0064703416463964
