{"train": {"num_samples": 133, "scan": {"pixel_mean": 0.5081052428896399, "pixel_std": 0.2906311866244445}, "segmentation_pos_weights": {"opacity": 0.942548394203186}, "patient_ids": ["COVID-19-AR-16406541", "COVID-19-AR-16434361", "COVID-19-AR-16439190", "COVID-19-AR-16434371", "COVID-19-AR-16406496", "COVID-19-AR-16434399", "COVID-19-AR-16434391", "COVID-19-AR-16406503", "COVID-19-AR-16424115", "COVID-19-AR-16434383", "COVID-19-AR-16406491", "COVID-19-AR-16407183", "COVID-19-AR-16424072", "COVID-19-AR-16406500", "COVID-19-AR-16406533", "COVID-19-AR-16406559", "COVID-19-AR-16434356", "COVID-19-AR-16434370", "COVID-19-AR-16406494", "COVID-19-AR-16424079", "COVID-19-AR-16424120", "COVID-19-AR-16407177", "COVID-19-AR-16434369", "COVID-19-AR-16434346", "COVID-19-AR-16424113", "COVID-19-AR-16406531", "COVID-19-AR-16406508", "COVID-19-AR-16424108", "COVID-19-AR-16406502", "COVID-19-AR-16445122", "COVID-19-AR-16406512", "COVID-19-AR-16439188", "COVID-19-AR-16434411", "COVID-19-AR-16439191", "COVID-19-AR-16406529", "COVID-19-AR-16424070", "COVID-19-AR-16439195", "COVID-19-AR-16406488", "COVID-19-AR-16434347", "COVID-19-AR-16445167", "COVID-19-AR-16434363", "COVID-19-AR-16434366", "COVID-19-AR-16424103", "COVID-19-AR-16445151", "COVID-19-AR-16434358", "COVID-19-AR-16424075", "COVID-19-AR-16407176", "COVID-19-AR-16406561", "COVID-19-AR-16406513", "COVID-19-AR-16424095", "COVID-19-AR-16406521", "COVID-19-AR-16424074", "COVID-19-AR-16434344", "COVID-19-AR-16424104", "COVID-19-AR-16424116", "COVID-19-AR-16406498", "COVID-19-AR-16406522", "COVID-19-AR-16439200", "COVID-19-AR-16424105", "COVID-19-AR-16434453", "COVID-19-AR-16424071", "COVID-19-AR-16406492", "COVID-19-AR-16434444"]}, "validation": {"num_samples": 44, "scan": {"pixel_mean": 0.505572644462122, "pixel_std": 0.2891823915075215}, "segmentation_pos_weights": {"opacity": 0.9167999029159546}, "patient_ids": ["COVID-19-AR-16424076", "COVID-19-AR-16445168", "COVID-19-AR-16445143", "COVID-19-AR-16439216", "COVID-19-AR-16439183", "COVID-19-AR-16434378", "COVID-19-AR-16439192", "COVID-19-AR-16406490", "COVID-19-AR-16424106", "COVID-19-AR-16434381", "COVID-19-AR-16434380", "COVID-19-AR-16434396", "COVID-19-AR-16424077", "COVID-19-AR-16406489", "COVID-19-AR-16406542", "COVID-19-AR-16424081", "COVID-19-AR-16424129", "COVID-19-AR-16424082", "COVID-19-AR-16424083", "COVID-19-AR-16439194", "COVID-19-AR-16445138", "COVID-19-AR-16434349", "COVID-19-AR-16406526"]}, "test": {"num_samples": 44, "scan": {"pixel_mean": 0.5067166371575283, "pixel_std": 0.2878761703394194}, "segmentation_pos_weights": {"opacity": 0.9640106558799744}, "patient_ids": ["COVID-19-AR-16406505", "COVID-19-AR-16406524", "COVID-19-AR-16434409", "COVID-19-AR-16445149", "COVID-19-AR-16439186", "COVID-19-AR-16424118", "COVID-19-AR-16434350", "COVID-19-AR-16407187", "COVID-19-AR-16424111", "COVID-19-AR-16445144", "COVID-19-AR-16434452", "COVID-19-AR-16406579", "COVID-19-AR-16406545", "COVID-19-AR-16424093", "COVID-19-AR-16434395", "COVID-19-AR-16406517", "COVID-19-AR-16406504", "COVID-19-AR-16407173"]}}